Title,Company,Location,Description,URL
Python Developer,,,Python Developer - Infosys - Hyderabad Pakistan,https://www.bayt.com/en/pakistan/jobs/python-developer-74857215/
AWS Bedrock Developer-Terraform-Python Consultant,,,AWS Bedrock + Terraform + Python Consultant - Infosys,https://www.bayt.com/en/pakistan/jobs/aws-bedrock-developer-terraform-python-consultant-74806257/
Senior Python Developer,,,Senior Python Developer - Devsinc - Pakistan,https://www.bayt.com/en/pakistan/jobs/senior-python-developer-74786571/
Specialist(VBA & Python developer),,,VBA & Python Specialist - Dupont - Hyderabad,https://www.bayt.com/en/pakistan/jobs/specialist-vba-python-developer-74581840/
Specialist / Team Lead - Python Developer,,,Team Lead Python - Accenture - Hyderabad,https://www.bayt.com/en/pakistan/jobs/specialist-team-lead-python-developer-74514475/
Senior Python Developer,,,Senior Python Developer - Devsinc - Lahore,https://www.bayt.com/en/pakistan/jobs/senior-python-developer-74375366/
AI Full Stack Engineer - AI Platform,,,AI Full Stack Engineer - Teradata - Hyderabad,https://www.bayt.com/en/pakistan/jobs/ai-full-stack-engineer-ai-platform-74913893/
Full Stack Developer - Onsite | ISL | PKR Salary,,,Full Stack Developer - HR WAYS - Islamabad,https://www.bayt.com/en/pakistan/jobs/full-stack-developer-onsite-isl-pkr-salary-74911748/
Senior Full Stack Developer (React & Python),,,Senior Full Stack React & Python - INTECH - Lahore,https://www.bayt.com/en/pakistan/jobs/senior-full-stack-developer-react-python-74888448/
Java Full Stack Developer,,,Java Full Stack Developer - Infosys - Hyderabad,https://www.bayt.com/en/pakistan/jobs/java-full-stack-developer-74878631/
